City_ID,City,Lat,Lng,Max Temp,Humidity,Cloudiness,Wind Speed,Country,Date
0,tazovsky,67.4667,78.7,-28.53,99,54,4.66,RU,1710013577
1,whitehorse,60.7161,-135.0538,0.61,68,100,8.75,CA,1710013470
2,coahuayana de hidalgo,18.7,-103.6583,30.97,40,12,3.95,MX,1710013579
3,klyuchi,52.2667,79.1667,1.77,88,100,8.82,RU,1710013579
4,cove,7.221,2.3402,29.56,60,100,3.85,BJ,1710013579
5,ribeira grande,38.5167,-28.7,17.22,82,40,10.8,PT,1710013580
6,jayapura,-2.5333,140.7,23.66,90,97,2.33,ID,1710013580
7,isla del bosque,22.7333,-105.85,25.76,39,87,5.37,MX,1710013581
8,rincon,32.296,-81.2354,23.3,86,75,5.66,US,1710013584
9,maine soroa,13.2114,12.0241,33.68,11,98,3.58,NE,1710013584
10,mount isa,-20.7333,139.5,26.87,69,40,4.12,AU,1710013584
11,waitangi,-43.9535,-176.5597,11.57,80,100,0.89,NZ,1710013585
12,garachico,28.7781,-17.7646,18.06,64,20,1.54,ES,1710013585
13,gadzhiyevo,69.2551,33.3362,-0.03,95,100,4.55,RU,1710013585
14,longford,53.7333,-7.8,6.87,91,100,4.67,IE,1710013586
15,tazacorte,28.629,-17.9293,19.54,79,20,3.13,ES,1710013586
16,edinburgh of the seven seas,-37.0676,-12.3116,17.72,81,2,7.73,SH,1710013586
17,camiri,-20.05,-63.5167,32.88,49,75,0.0,BO,1710013587
18,jamestown,42.097,-79.2353,8.34,95,100,5.14,US,1710013587
19,bilibino,68.0546,166.4372,-18.89,99,100,1.04,RU,1710013588
20,port lincoln,-34.7333,135.8667,22.9,68,15,2.16,AU,1710013588
21,bechar,31.6167,-2.2167,21.18,11,0,3.09,DZ,1710013588
22,port-aux-francais,-49.35,70.2167,7.82,98,100,14.07,TF,1710013589
23,port mathurin,-19.6833,63.4167,26.85,85,0,6.92,MU,1710013589
24,vorgashor,67.5833,63.95,-26.38,100,94,0.94,RU,1710013589
25,talnakh,69.4865,88.3972,-15.44,89,100,2.93,RU,1710013590
26,grytviken,-54.2811,-36.5092,6.38,79,84,0.68,GS,1710013590
27,kiunga,-6.1219,141.2906,23.68,100,100,0.8,PG,1710013591
28,hermanus,-34.4187,19.2345,17.11,87,0,1.81,ZA,1710013591
29,blackmans bay,-43.0167,147.3167,24.07,72,100,2.43,AU,1710013591
30,bredasdorp,-34.5322,20.0403,18.59,81,0,1.16,ZA,1710013591
31,ayr,55.4627,-4.6339,6.39,81,75,7.2,GB,1710013592
32,puerto natales,-51.7236,-72.4875,12.25,62,100,8.23,CL,1710013592
33,sarangani,5.4033,125.4636,26.99,76,3,9.14,PH,1710013592
34,crane,31.3974,-102.3501,11.7,37,6,3.97,US,1710013593
35,longyearbyen,78.2186,15.6401,-3.09,80,75,10.8,SJ,1710013593
36,ceres,37.5949,-120.9577,17.34,65,0,0.0,US,1710013593
37,papatowai,-46.5619,169.4708,9.83,63,58,2.15,NZ,1710013593
38,rocha,-34.4833,-54.3333,28.64,53,1,7.28,UY,1710013586
39,shitanjing,39.2342,106.3439,2.49,28,100,2.13,CN,1710013594
40,iqaluit,63.7506,-68.5145,-25.73,68,40,0.0,CA,1710013595
41,lebu,-37.6167,-73.65,16.66,68,4,5.58,CL,1710013595
42,yellowknife,62.456,-114.3525,-0.88,81,100,3.6,CA,1710013465
43,zaragoza,41.6561,-0.8773,11.0,51,20,6.17,ES,1710013596
44,kuusamo,65.9667,29.1833,0.02,80,100,3.6,FI,1710013596
45,dwarka,22.2394,68.9678,24.12,45,59,3.14,IN,1710013596
46,morehead city,34.7229,-76.726,19.0,87,100,8.75,US,1710013597
47,lazaro cardenas,17.9583,-102.2,27.61,56,1,4.08,MX,1710013597
48,sal rei,16.1833,-22.9167,22.11,68,40,9.77,CV,1710013597
49,kavieng,-2.5744,150.7967,27.5,79,91,1.58,PG,1710013598
50,saldanha,-33.0117,17.9442,18.03,85,0,8.68,ZA,1710013598
51,adamstown,-25.066,-130.1015,24.99,67,35,3.88,PN,1710013598
52,isafjordur,66.0755,-23.124,2.51,75,100,2.87,IS,1710013598
53,fortuna,40.5982,-124.1573,13.32,82,75,1.34,US,1710013599
54,mil'kovo,55.6078,37.7956,-5.78,97,100,1.47,RU,1710013599
55,bethel,41.3712,-73.414,4.75,84,100,5.66,US,1710013587
56,votkinsk,57.0486,53.9872,-10.15,97,93,2.63,RU,1710013600
57,tavda,58.0425,65.2726,-6.28,98,99,0.89,RU,1710013600
58,hawaiian paradise park,19.5933,-154.9731,22.8,91,100,1.34,US,1710013601
59,swan hill,-35.3378,143.5544,24.91,34,3,3.12,AU,1710013601
60,mariehamn,60.0973,19.9348,-1.77,80,100,1.54,AX,1710013602
61,qaqortoq,60.7167,-46.0333,-12.23,87,13,0.75,GL,1710013602
62,san antonio de pale,-1.4014,5.6325,27.09,81,100,3.83,GQ,1710013602
63,la salle,41.3334,-89.0918,7.12,61,75,7.72,US,1710013514
64,invercargill,-46.4,168.35,6.12,96,88,1.34,NZ,1710013604
65,fale old settlement,-9.3852,-171.2468,29.2,78,18,7.07,TK,1710013604
66,stanley,54.868,-1.6985,5.16,89,75,5.14,GB,1710013605
67,college,64.8569,-147.8028,-13.29,69,100,0.0,US,1710013348
68,antsohihy,-14.8796,47.9875,24.82,95,91,0.89,MG,1710013605
69,margate,51.3813,1.3862,11.73,79,100,0.89,GB,1710013606
70,fort bragg,35.139,-79.006,21.91,86,100,3.6,US,1710013606
71,kazanskoye,55.6448,69.235,-8.39,97,100,2.78,RU,1710013606
72,bengkulu,-3.8004,102.2655,24.56,89,100,2.85,ID,1710013607
73,igarka,67.4667,86.5833,-10.3,95,100,5.88,RU,1710013607
74,hithadhoo,-0.6,73.0833,28.07,73,9,5.02,MV,1710013607
75,kingscliff,-28.2667,153.5667,24.29,83,75,6.17,AU,1710013607
76,geraldton,-28.7667,114.6,15.23,77,0,3.6,AU,1710013608
77,al jadid,27.05,14.4,20.19,22,0,3.92,LY,1710013608
78,enewetak,11.3474,162.3373,26.27,81,100,10.8,MH,1710013609
79,auki,-8.7676,160.7034,27.03,87,100,2.06,SB,1710013609
80,krasnyy kut,50.95,46.9667,-3.92,93,98,5.11,RU,1710013610
81,tromso,69.6496,18.957,2.01,87,75,3.6,NO,1710013610
82,humaita,-7.5061,-63.0208,28.03,90,100,1.29,BR,1710013611
83,barah,13.7,30.3667,26.68,12,2,4.36,SD,1710013611
84,ushuaia,-54.8,-68.3,9.81,87,75,10.8,AR,1710013611
85,nacala,-14.5428,40.6728,25.93,91,100,2.21,MZ,1710013612
86,choyr,46.3611,108.3611,-11.2,86,100,0.34,MN,1710013612
87,susuman,62.7833,148.1667,-25.01,95,100,0.89,RU,1710013612
88,naifaru,5.4444,73.3657,27.64,74,1,3.58,MV,1710013613
89,ghat,24.9647,10.1728,21.36,11,1,2.62,LY,1710013613
90,hovd,48.0056,91.6419,-6.97,58,7,0.68,MN,1710013613
91,debno,52.739,14.698,8.41,80,33,3.98,PL,1710013614
92,colonia,50.9333,6.95,12.87,52,0,3.6,DE,1710013565
93,tual,-5.6667,132.75,28.56,80,99,7.89,ID,1710013614
94,ilulissat,69.2167,-51.1,-15.99,78,75,2.57,GL,1710013615
95,strelka,58.0728,93.0344,-20.83,100,99,1.49,RU,1710013615
96,necochea,-38.5473,-58.7368,21.41,41,0,8.14,AR,1710013616
97,vilyuchinsk,52.9306,158.4028,-4.85,86,100,3.65,RU,1710013616
98,albany,42.6001,-73.9662,6.07,73,100,2.24,US,1710013522
99,tongliao,43.6125,122.2653,-3.58,68,0,2.88,CN,1710013616
100,utrik,11.2278,169.8474,26.28,75,92,11.26,MH,1710013617
101,timberwood park,29.7058,-98.4783,17.18,51,40,5.14,US,1710013617
102,vadso,70.0744,29.7487,2.09,87,100,3.6,NO,1710013617
103,sechura,-5.5569,-80.8222,29.67,58,66,7.38,PE,1710013618
104,gorontalo,0.5412,123.0595,23.6,92,100,2.11,ID,1710013618
105,mukalla,14.5425,49.1242,26.09,78,27,1.2,YE,1710013618
106,juan griego,11.0817,-63.9655,37.07,44,17,7.72,VE,1710013619
107,georgetown,5.4112,100.3354,28.3,83,20,2.24,MY,1710013410
108,kamaishi,39.2667,141.8833,-2.69,77,9,3.32,JP,1710013619
109,remire-montjoly,4.9167,-52.2667,30.02,66,20,5.66,GF,1710013620
110,udachny,66.4167,112.4,-26.02,100,100,1.31,RU,1710013620
111,kenai,60.5544,-151.2583,-8.97,79,0,1.54,US,1710013620
112,moroni,-11.7022,43.2551,27.74,80,100,1.14,KM,1710013621
113,aizkraukle,56.6048,25.2553,-1.96,73,43,1.8,LV,1710013621
114,inarajan village,13.2736,144.7484,27.08,92,48,7.15,GU,1710013621
115,vallenar,-28.5708,-70.7581,31.63,25,16,3.67,CL,1710013622
116,kodiak,57.79,-152.4072,-2.27,69,0,3.6,US,1710013622
117,alofi,-19.0595,-169.9187,27.94,89,40,3.09,NU,1710013622
118,olonkinbyen,70.9221,-8.7187,0.37,91,24,3.38,SJ,1710013623
119,waingapu,-9.6567,120.2641,26.12,89,100,3.7,ID,1710013623
120,tutoia,-2.7619,-42.2744,27.38,86,100,2.82,BR,1710013624
121,galliano,29.4422,-90.2992,19.44,77,100,6.17,US,1710013624
122,sitka,57.0531,-135.33,5.94,70,40,4.12,US,1710013624
123,yazykovo,55.2199,56.1353,-8.91,97,100,1.39,RU,1710013625
124,kone,-21.0595,164.8658,25.01,85,24,2.47,NC,1710013625
125,raja,8.4596,25.678,27.38,10,0,0.87,SS,1710013625
126,cuamba,-14.8031,36.5372,21.42,91,81,1.05,MZ,1710013626
127,horsham,51.064,-0.3272,10.25,75,40,2.57,GB,1710013626
128,bandon,51.7469,-8.7425,6.77,93,95,5.97,IE,1710013627
129,rongelap,11.1635,166.8941,26.22,76,100,11.38,MH,1710013628
130,ishigaki,24.3448,124.1572,17.07,67,100,2.57,JP,1710013628
131,tralee,52.2704,-9.7026,7.14,87,100,3.6,IE,1710013628
132,vila velha,-20.3297,-40.2925,29.97,77,0,7.2,BR,1710013629
133,cukai,4.25,103.4167,25.97,86,98,2.65,MY,1710013399
134,pindi bhattian,31.8978,73.273,14.38,36,100,1.97,PK,1710013629
135,petra,30.3222,35.4793,10.25,48,7,1.8,JO,1710013630
136,atafu village,-8.5421,-172.5159,29.6,74,23,6.78,TK,1710013630
137,west island,-12.1568,96.8225,25.99,94,75,6.69,CC,1710013630
138,nhamunda,-2.1861,-56.7131,27.95,79,100,0.85,BR,1710013631
139,chonchi,-42.6128,-73.8092,16.73,55,86,2.28,CL,1710013631
140,las varillas,-31.8721,-62.7195,33.51,62,98,2.33,AR,1710013631
141,hadibu,12.65,54.0333,26.0,79,100,1.63,YE,1710013632
142,ngetkib,7.3645,134.5148,27.14,78,75,4.12,PW,1710013632
143,constantia,44.1833,28.65,3.38,76,68,5.62,RO,1710013445
144,homer,59.6425,-151.5483,-0.53,75,0,0.0,US,1710013500
145,mareeba,-17.0,145.4333,23.02,91,100,1.57,AU,1710013633
146,mizan teferi,6.9833,35.5833,17.95,86,48,1.39,ET,1710013633
147,tura,25.5198,90.2201,15.77,28,0,1.28,IN,1710013634
148,bodo,67.28,14.405,2.02,60,0,5.66,NO,1710013634
149,brigantine,39.4101,-74.3646,9.0,95,100,7.72,US,1710013634
150,visby,57.6409,18.296,-0.88,86,100,5.14,SE,1710013635
151,demyansk,57.643,32.466,-4.06,88,100,1.29,RU,1710013635
152,zaqatala,41.6336,46.6433,6.26,70,75,4.12,AZ,1710013636
153,minas de marcona,-15.2119,-75.1103,23.07,61,62,7.44,PE,1710013636
154,wailua homesteads,22.0669,-159.378,25.24,76,75,8.23,US,1710013636
155,aripuana,-9.1667,-60.6333,30.25,73,88,0.86,BR,1710013636
156,mahina,-17.5065,-149.489,29.87,66,75,3.6,PF,1710013637
157,badger,64.8,-147.5333,-13.34,76,100,0.0,US,1710013353
158,poyarkovo,49.6,128.6833,-14.65,95,98,2.24,RU,1710013638
159,weno,7.4515,151.8468,27.97,89,75,4.12,FM,1710013639
160,beni,0.5,29.4667,20.07,85,76,1.33,CD,1710013639
161,tamandare,-8.7597,-35.1047,28.78,72,80,4.09,BR,1710013640
162,ta`u,-14.2336,-169.5144,28.42,80,99,6.77,AS,1710013640
163,bikenibeu village,1.3673,173.1241,25.98,94,100,8.23,KI,1710013640
164,tuy hoa,13.0833,109.3,23.02,91,98,1.14,VN,1710013642
165,huangnihe,43.5583,128.0239,-8.43,55,1,1.93,CN,1710013642
166,trairi,-3.2778,-39.2689,27.85,81,98,3.34,BR,1710013609
167,mersa matruh,31.3525,27.2453,15.11,63,40,5.14,EG,1710013643
168,port alfred,-33.5906,26.891,23.43,93,72,1.34,ZA,1710013644
169,puerto baquerizo moreno,-0.9,-89.6,28.55,84,40,2.06,EC,1710013644
170,port saint john's,-31.6229,29.5448,23.13,84,1,5.41,ZA,1710013644
171,mount pleasant,32.7941,-79.8626,25.12,94,100,6.69,US,1710013645
172,antsiranana,-12.2787,49.2917,25.08,92,100,3.5,MG,1710013347
173,zhezqazghan,47.7833,67.7667,-0.41,90,100,7.52,KZ,1710013646
174,dennery,13.8996,-60.8879,31.07,78,20,6.17,LC,1710013647
175,colonia menno,-22.3667,-59.8167,40.61,28,100,6.49,PY,1710013668
176,nikel,69.4128,30.222,1.1,99,98,2.06,RU,1710013668
177,korla,41.7597,86.1469,4.86,45,3,1.16,CN,1710013676
178,celestun,20.8667,-90.4,28.63,72,11,6.19,MX,1710013677
179,puerto ayora,-0.7393,-90.3518,30.98,98,49,1.79,EC,1710013677
180,correntina,-13.3433,-44.6367,30.38,50,82,2.06,BR,1710013678
181,al kharijah,25.4514,30.5464,23.78,15,88,3.01,EG,1710013678
182,zaio,34.9428,-2.7329,10.99,79,100,11.68,MA,1710013678
183,avarua,-21.2078,-159.775,28.03,69,78,5.66,CK,1710013678
184,terenozek,45.05,64.9833,3.37,84,91,4.77,KZ,1710013679
185,ishikawa,26.4233,127.8214,14.98,68,40,3.6,JP,1710013679
186,mahdia,35.5047,11.0622,18.97,69,51,8.09,TN,1710013679
187,lata,40.1629,-8.3327,8.84,92,64,5.79,PT,1710013679
188,tongchuanshi,35.0806,109.0897,6.99,51,100,0.99,CN,1710013680
189,bac lieu,9.285,105.7244,26.34,76,96,5.64,VN,1710013680
190,labrador city,52.9463,-66.9114,1.21,34,100,6.17,CA,1710013680
191,dingwall,57.5953,-4.4272,6.15,84,100,5.14,GB,1710013681
192,al wakrah,24.85,51.3333,20.05,50,0,4.55,QA,1710013681
193,dudinka,69.4058,86.1778,-15.18,95,100,4.92,RU,1710013681
194,anadyr,64.75,177.4833,-24.72,84,40,2.0,RU,1710013681
195,ketchikan,55.3422,-131.6461,5.75,87,75,2.06,US,1710013682
196,medina,24.4686,39.6142,24.24,5,0,1.54,SA,1710013682
197,delice,39.9537,34.0259,2.74,93,99,2.13,TR,1710013682
198,uturoa,-16.7333,-151.4333,28.53,78,82,4.91,PF,1710013683
199,dogansehir,38.0919,37.8789,0.59,85,43,1.99,TR,1710013683
200,vernon,50.2581,-119.2691,7.35,62,100,1.03,CA,1710013683
201,tataouine,32.9297,10.4518,21.76,17,45,4.74,TN,1710013683
202,dapa,9.7594,126.0531,25.6,82,100,5.46,PH,1710013684
203,warmbaths,-24.8833,28.2833,24.49,46,0,2.78,ZA,1710013486
204,igra,57.5558,53.0547,-10.53,97,100,2.03,RU,1710013684
205,plastun,44.7561,136.2939,-8.69,76,4,2.22,RU,1710013685
206,evansville,37.9748,-87.5558,8.34,79,100,3.09,US,1710013615
207,ust-nera,64.5667,143.2,-29.86,100,100,1.66,RU,1710013685
208,vilyuysk,63.7553,121.6247,-19.44,99,99,0.89,RU,1710013686
209,hamilton,39.1834,-84.5333,8.33,82,100,6.71,US,1710013686
210,cao bang,22.6667,106.25,14.15,92,100,0.53,VN,1710013686
211,lihue,21.9789,-159.3672,25.58,76,75,8.23,US,1710013687
212,melfort,52.8667,-104.6177,-2.93,68,94,5.66,CA,1710013688
213,barentu,15.1139,37.5928,23.71,14,4,2.94,ER,1710013688
214,harper,4.375,-7.7169,27.67,85,11,2.61,LR,1710013689
215,nyurba,63.2842,118.3319,-17.79,97,99,2.68,RU,1710013689
216,dunedin,-45.8742,170.5036,13.78,65,79,1.58,NZ,1710013689
217,hillsborough,37.5741,-122.3794,17.68,68,75,4.63,US,1710013350
218,christchurch,-43.5333,172.6333,13.56,83,100,3.6,NZ,1710013631
219,punta arenas,-53.15,-70.9167,11.06,66,75,10.29,CL,1710013583
220,carnarvon,-24.8667,113.6333,25.04,58,0,8.26,AU,1710013691
221,egilsstadir,65.2653,-14.3948,2.95,75,75,4.12,IS,1710013691
222,kapa'a,22.0752,-159.319,25.99,76,75,8.23,US,1710013691
223,portstewart,55.1813,-6.714,7.4,78,100,9.22,GB,1710013691
224,emerald,-23.5333,148.1667,20.75,75,41,7.37,AU,1710013692
225,rio preto da eva,-2.6994,-59.6997,27.0,79,100,1.55,BR,1710013692
226,speichersdorf,49.8833,11.7833,7.77,72,90,3.17,DE,1710013692
227,tamanrasset,22.785,5.5228,19.95,8,0,6.17,DZ,1710013693
228,cadale,2.7603,46.3222,27.52,73,0,8.16,SO,1710013693
229,lae,-6.7221,146.9847,25.36,89,98,3.87,PG,1710013693
230,sena madureira,-9.0656,-68.6569,32.92,56,100,1.37,BR,1710013694
231,omdurman,15.6445,32.4777,30.27,9,4,4.8,SD,1710013694
232,karatau,43.1667,70.4667,7.67,84,100,3.3,KZ,1710013694
233,nevel'sk,46.6733,141.8633,-10.39,73,22,1.38,RU,1710013695
234,bonthe,7.5264,-12.505,26.56,85,12,3.84,SL,1710013695
235,batang,-6.4846,110.7083,26.56,85,100,7.05,ID,1710013695
236,margaret river,-33.95,115.0667,10.45,84,0,3.93,AU,1710013695
237,mount gambier,-37.8333,140.7667,18.96,79,66,2.02,AU,1710013696
238,port augusta,-32.5,137.7667,28.42,29,0,5.38,AU,1710013653
239,kastsyukovichy,53.3516,32.0506,-2.82,76,52,0.78,BY,1710013696
240,dondo,-19.6094,34.7431,29.73,81,0,3.39,MZ,1710013697
241,sisimiut,66.9395,-53.6735,-19.51,90,54,3.23,GL,1710013697
242,dolni dabnik,43.4,24.4333,6.9,76,20,0.0,BG,1710013697
243,inderbor,48.55,51.7833,-0.79,95,100,4.86,KZ,1710013698
244,kourou,5.1552,-52.6478,30.03,65,99,3.28,GF,1710013698
245,kosonsoy,41.2561,71.5508,6.31,67,100,1.76,UZ,1710013698
246,magistral'nyy,56.1725,107.4458,-16.46,99,100,1.16,RU,1710013699
247,nikolayevsk-on-amure,53.1406,140.73,-14.7,98,100,1.47,RU,1710013699
248,touros,-5.1989,-35.4608,28.55,71,72,5.66,BR,1710013700
249,kailua-kona,19.6406,-155.9956,26.44,77,20,4.12,US,1710013700
250,chibougamau,49.9168,-74.3659,-0.21,80,100,5.66,CA,1710013700
251,bastrop,32.7562,-91.8724,12.99,75,100,3.6,US,1710013700
252,grand gaube,-20.0064,57.6608,27.22,92,1,0.89,MU,1710013701
253,fada,9.5667,8.3,28.46,44,93,1.72,NG,1710013701
254,menzel kamel,35.6248,10.6673,18.69,59,0,5.14,TN,1710013701
255,deqen,29.9618,90.7188,-2.97,18,0,2.89,CN,1710013702
256,colon,9.3592,-79.9014,28.32,66,66,4.02,PA,1710013702
257,hatvan,47.6667,19.6833,9.58,74,99,3.5,HU,1710013702
258,charleston,32.7766,-79.9309,25.13,93,100,8.23,US,1710013149
259,narrabri,-30.3167,149.7833,18.62,71,0,2.95,AU,1710013703
260,kimberley,-28.7323,24.7623,20.83,32,0,0.51,ZA,1710013508
261,pamanukan,-6.2842,107.8106,24.62,88,100,3.0,ID,1710013703
262,port elizabeth,-33.918,25.5701,22.4,90,20,4.12,ZA,1710013703
263,taltal,-25.4,-70.4833,22.38,68,47,3.05,CL,1710013220
264,amahai,-3.3333,128.9167,26.09,88,100,2.68,ID,1710013704
265,tindouf,27.6711,-8.1474,20.25,45,0,9.77,DZ,1710013704
266,arraial do cabo,-22.9661,-42.0278,28.98,74,75,8.23,BR,1710013705
267,gaspe,48.8334,-64.4819,4.12,26,40,6.17,CA,1710013705
268,aasiaat,68.7098,-52.8699,-20.01,97,98,1.4,GL,1710013705
269,kostyantynivka,48.5277,37.7069,-0.1,80,75,0.66,UA,1710013706
270,ca mau,9.1769,105.15,25.63,77,100,3.38,VN,1710013706
271,pisco,-13.7,-76.2167,27.23,61,0,4.12,PE,1710013452
272,thompson,55.7435,-97.8558,-1.91,46,20,3.09,CA,1710013706
273,jalilabad,39.2096,48.4919,7.06,99,100,1.35,AZ,1710013707
274,pulaski,34.7668,-92.3001,14.23,65,75,5.36,US,1710013707
275,yefremov,53.1481,38.0992,-8.78,96,100,1.8,RU,1710013707
276,happy valley-goose bay,53.3168,-60.3315,-6.83,49,75,2.06,CA,1710013707
277,petropavlovsk-kamchatsky,53.0452,158.6483,-5.67,85,75,3.58,RU,1710013708
278,mata-utu,-13.2816,-176.1745,28.86,69,9,2.4,WF,1710013708
279,codrington,-38.2667,141.9667,20.15,77,100,2.66,AU,1710013708
280,maddagiri,13.6606,77.2092,27.35,39,98,5.79,IN,1710013709
281,selfoss,63.9331,-20.9971,4.47,82,99,2.88,IS,1710013709
282,bhimunipatnam,17.8833,83.4333,26.73,82,6,0.29,IN,1710013709
283,east ridge,35.0142,-85.2519,18.84,78,75,7.72,US,1710013710
284,aldinga beach,-35.2793,138.4604,29.69,42,9,3.32,AU,1710013710
285,afaahiti,-17.75,-149.2833,28.93,83,100,5.97,PF,1710013710
286,tiksi,71.6872,128.8694,-32.8,100,70,1.15,RU,1710013711
287,oranjemund,-28.55,16.4333,17.4,85,0,4.81,NA,1710013711
288,damghan,36.1683,54.348,8.92,49,0,1.65,IR,1710013711
289,cestos city,5.46,-9.5828,27.71,83,100,2.76,LR,1710013712
290,queenstown,-31.8976,26.8753,17.06,92,0,1.07,ZA,1710013712
291,mossel bay,-34.1831,22.146,17.96,85,0,1.5,ZA,1710013713
292,nova vicosa,-17.8919,-39.3719,28.05,71,68,3.9,BR,1710013713
293,gamba,-2.65,10.0,26.76,84,96,4.71,GA,1710013713
294,pulandian,39.3953,121.9669,0.11,79,0,1.55,CN,1710013714
295,kingston,17.997,-76.7936,32.31,65,20,7.72,JM,1710013419
296,blatna,49.4249,13.8818,7.68,92,73,3.5,CZ,1710013714
297,rupert,42.6191,-113.6772,-0.03,64,0,6.69,US,1710013714
298,paita,-5.0892,-81.1144,27.87,65,100,6.83,PE,1710013715
299,bubaque,11.2833,-15.8333,25.36,71,7,7.45,GW,1710013715
300,suncho corral,-27.9336,-63.4294,38.82,36,50,5.42,AR,1710013715
301,amloh,30.6084,76.2319,14.23,47,99,3.03,IN,1710013716
302,castillos,-34.1667,-53.8333,28.79,61,22,6.85,UY,1710013716
303,shixing,24.9482,114.0657,11.45,95,96,0.76,CN,1710013716
304,northam,51.0333,-4.2167,8.67,89,100,7.07,GB,1710013716
305,terbuny,52.1389,38.2789,-5.76,96,100,1.98,RU,1710013717
306,gabarin,11.1093,10.4441,31.63,26,72,1.67,NG,1710013717
307,sungailiat,-1.85,106.1333,25.44,88,100,2.41,ID,1710013717
308,la passe,45.5549,-0.8967,8.34,92,32,3.06,FR,1710013717
309,ad darb,17.7229,42.2526,26.74,61,2,1.96,SA,1710013718
310,jepelacio,-6.1167,-76.95,25.57,79,100,1.14,PE,1710013718
311,namibe,-15.1961,12.1522,24.64,84,100,3.39,AO,1710013718
312,lucapa,-8.4192,20.7447,20.48,95,91,0.85,AO,1710013719
313,jonquiere,48.4165,-71.2488,5.06,51,100,4.63,CA,1710013716
314,port blair,11.6667,92.75,27.02,78,40,1.03,IN,1710013719
315,st. john's,47.5649,-52.7093,-0.47,93,100,14.4,CA,1710013518
316,kerikeri,-35.2268,173.9474,18.18,82,87,5.3,NZ,1710013720
317,vitebsk,55.1905,30.2033,-2.54,75,64,1.99,BY,1710013720
318,east london,-33.0153,27.9116,23.25,84,11,3.93,ZA,1710013720
319,zhuanghe,39.7008,122.9911,-0.17,81,0,1.24,CN,1710013721
320,dalbandin,28.8947,64.4101,18.3,66,99,2.92,PK,1710013721
321,al qaryatayn,34.2296,37.2407,8.67,75,0,1.48,SY,1710013721
322,nogliki,51.8333,143.1667,-17.03,99,86,2.24,RU,1710013722
323,eilat,29.5581,34.9482,19.91,28,79,0.0,IL,1710013722
324,palembang,-2.9167,104.7458,25.05,100,40,2.06,ID,1710013723
325,vordingborg,55.008,11.9106,3.32,100,86,11.69,DK,1710013724
326,kattivakkam,13.2167,80.3167,28.05,74,2,3.66,IN,1710013724
327,zhalantun,48.0,122.7167,-9.73,82,78,2.79,CN,1710013724
328,okhotsk,59.3833,143.3,-22.66,96,52,3.17,RU,1710013725
329,kavaratti,10.5669,72.642,27.92,71,5,4.97,IN,1710013725
330,bereeda,11.8704,51.0579,26.39,78,60,2.22,SO,1710013725
331,sagua la grande,22.8067,-80.0756,32.55,43,40,3.16,CU,1710013726
332,lerwick,60.1545,-1.1494,5.0,73,22,7.5,GB,1710013726
333,mogadishu,2.0371,45.3438,27.43,74,4,7.81,SO,1710013726
334,hilo,19.7297,-155.09,24.6,91,100,1.79,US,1710013727
335,kayangel,8.0823,134.7173,27.23,80,100,8.69,PW,1710013727
336,rundu,-17.9333,19.7667,20.07,93,100,2.19,NA,1710013727
337,pacific grove,36.6177,-121.9166,17.16,69,40,3.13,US,1710013499
338,yulinshi,38.2906,109.7494,3.64,34,100,1.98,CN,1710013728
339,magadan,59.5667,150.8,-11.37,95,100,3.54,RU,1710013728
340,quiindy,-25.9667,-57.2667,33.13,54,100,2.34,PY,1710013729
341,inhambane,-23.865,35.3833,27.99,78,40,5.36,MZ,1710013729
342,mezhdurechensk,53.6942,88.0603,-9.26,96,100,1.42,RU,1710013729
343,cabedelo,-6.9811,-34.8339,31.37,75,92,4.56,BR,1710013564
344,bogande,12.9714,-0.1436,32.81,10,49,2.4,BF,1710013730
345,mar del plata,-38.0023,-57.5575,24.01,54,0,6.71,AR,1710013599
346,iskateley,67.6803,53.1512,-22.77,100,100,1.34,RU,1710013731
347,betioky,-23.7167,44.3833,23.97,81,100,1.76,MG,1710013731
348,nabire,-3.3667,135.4833,25.02,92,100,1.14,ID,1710013731
349,valparaiso,-33.0393,-71.6273,31.13,39,0,6.17,CL,1710013557
350,isla mujeres,21.2311,-86.731,30.09,73,0,6.9,MX,1710013732
351,pathein,16.7833,94.7333,23.29,51,5,3.87,MM,1710013732
352,howrah,22.5892,88.3103,21.0,68,0,0.0,IN,1710013733
353,ayaviri,-14.8864,-70.5889,17.73,42,94,1.52,PE,1710013733
354,linxia chengguanzhen,35.6003,103.2064,0.0,87,100,2.9,CN,1710013733
355,rio grande,-32.035,-52.0986,30.06,64,84,2.62,BR,1710013734
356,kill devil hills,36.0307,-75.676,17.0,95,100,6.69,US,1710013734
357,baturaja,-4.1333,104.1667,22.78,99,99,0.9,ID,1710013707
358,corner brook,48.9667,-57.9484,-0.91,67,8,3.04,CA,1710013734
359,ingeniero jacobacci,-41.3427,-69.5448,19.19,28,14,10.28,AR,1710013735
360,cole harbour,44.6724,-63.4751,6.66,69,96,2.37,CA,1710013735
361,huron,41.1501,-82.5499,6.69,85,100,6.75,US,1710013736
362,winnemucca,40.973,-117.7357,9.03,34,0,3.09,US,1710013736
363,tottori,35.5,134.2333,3.15,60,40,4.62,JP,1710013736
364,staro nagorichane,42.1981,21.8286,8.69,86,88,2.31,MK,1710013737
365,hasaki,35.7333,140.8333,-2.78,52,0,6.77,JP,1710013738
366,daru,-9.0763,143.2092,25.43,92,96,2.64,PG,1710013738
367,nova sintra,14.8667,-24.7167,19.67,74,17,7.14,CV,1710013739
368,san luis de la loma,17.2706,-100.8939,29.01,50,0,4.47,MX,1710013739
369,bel ombre,-4.6167,55.4167,27.91,83,20,1.54,SC,1710013739
370,purulha,15.2667,-90.2,26.09,22,0,2.09,GT,1710013740
371,chhor,25.5167,69.7667,22.89,18,78,2.91,PK,1710013741
372,quellon,-43.1167,-73.6167,14.04,71,100,3.82,CL,1710013741
373,vilhena,-12.7406,-60.1458,24.12,88,75,3.09,BR,1710013741
374,sao gabriel,-30.3364,-54.32,30.05,66,47,1.7,BR,1710013742
375,tateyama,34.9833,139.8667,5.05,53,0,8.63,JP,1710013742
376,kirakira,-10.4544,161.9205,27.46,87,97,2.74,SB,1710013743
377,bei'an,24.5399,109.533,12.23,92,100,1.64,CN,1710013743
378,saipan,15.1355,145.701,25.39,88,100,4.63,MP,1710013744
379,puerto deseado,-47.7503,-65.8938,18.37,30,3,9.97,AR,1710013745
380,nar'yan-mar,67.6713,53.087,-22.72,100,100,1.34,RU,1710013746
381,prince rupert,54.3161,-130.3201,7.83,75,0,2.06,CA,1710013746
382,cloverdale,38.8055,-123.0172,12.88,87,100,0.45,US,1710013747
383,acapulco de juarez,16.8634,-99.8901,28.9,65,20,3.6,MX,1710013507
384,parapat,2.663,98.9349,19.23,95,81,0.2,ID,1710013747
385,katsuren-haebaru,26.3369,127.8719,15.01,67,40,3.6,JP,1710013748
386,reggane,26.7158,0.1714,24.52,13,0,4.65,DZ,1710013749
387,jianguang,28.1938,115.7836,8.52,80,5,0.42,CN,1710013750
388,mili,6.0815,171.735,27.46,82,73,11.38,MH,1710013750
389,chunar,25.1333,82.9,17.03,37,2,1.99,IN,1710013751
390,keflavik,64.0049,-22.5624,6.24,81,75,9.26,IS,1710013752
391,sosnovo-ozerskoye,52.5249,111.5418,-17.97,100,81,0.63,RU,1710013752
392,new plymouth,-39.0667,174.0833,12.95,56,50,1.19,NZ,1710013753
393,pacasmayo,-7.4006,-79.5714,25.79,70,97,6.51,PE,1710013754
394,villa gesell,-37.2639,-56.973,24.47,57,0,13.05,AR,1710013755
395,boca suno,-0.7167,-77.1333,24.77,79,99,1.35,EC,1710013755
396,berdigestyakh,62.0989,126.6992,-18.39,99,100,0.55,RU,1710013756
397,nacozari viejo,30.4,-109.65,15.59,27,8,3.09,MX,1710013757
398,penha,-26.7694,-48.6458,28.83,83,40,3.09,BR,1710013758
399,kabo,7.6994,18.629,28.59,21,0,1.04,CF,1710013758
400,huinan,42.6225,126.2614,-4.27,41,0,1.85,CN,1710013759
401,whakatane,-37.9585,176.9854,13.62,84,52,1.34,NZ,1710013759
402,kitama,-10.7167,39.7333,23.18,97,100,1.08,TZ,1710013760
403,bantay,17.5847,120.3892,23.38,73,100,3.09,PH,1710013760
404,akureyri,65.6835,-18.0878,-0.04,80,0,0.51,IS,1710013761
405,abancay,-13.6339,-72.8814,22.98,62,100,2.81,PE,1710013761
406,taungoo,18.9333,96.4333,21.19,54,0,1.52,MM,1710013761
407,coquimbo,-29.9533,-71.3436,21.85,64,0,6.17,CL,1710013762
408,sao gabriel da cachoeira,-0.1303,-67.0892,30.89,74,40,2.57,BR,1710013762
409,benguela,-12.5763,13.4055,27.5,80,100,1.62,AO,1710013762
410,murzuq,25.9155,13.9184,20.5,21,0,3.84,LY,1710013763
411,puerto armuelles,8.2833,-82.8667,33.99,64,4,1.34,PA,1710013763
412,novosergiyevka,52.0934,53.6528,-9.55,97,99,1.22,RU,1710013764
413,spring creek,40.7266,-115.5859,5.95,52,25,1.62,US,1710013764
414,phan rang-thap cham,11.5667,108.9833,22.7,85,91,2.64,VN,1710013765
415,levuka,50.1834,-105.4011,0.84,81,49,2.89,CA,1710013765
416,nemuro,43.3236,145.575,-3.75,70,100,0.9,JP,1710013766
417,katabu,-4.9333,122.5167,24.63,94,100,1.68,ID,1710013766
418,bathsheba,13.2167,-59.5167,29.34,74,20,5.66,BB,1710013766
419,lompoc,34.6391,-120.4579,18.62,68,20,3.6,US,1710013768
420,kununurra,-15.7667,128.7333,25.99,100,100,1.03,AU,1710013489
421,shiyan,32.6475,110.7781,9.17,64,100,0.37,CN,1710013768
422,harrisonburg,38.4496,-78.8689,8.13,97,100,0.0,US,1710013769
423,kashgar,39.4547,75.9797,7.56,31,0,4.0,CN,1710013769
424,jieyang,23.5289,116.3642,9.96,88,100,1.34,CN,1710013769
425,port hedland,-20.3167,118.5667,29.03,84,40,2.06,AU,1710013770
426,nichinan,31.6,131.3667,5.82,77,93,3.9,JP,1710013770
427,viedma,-40.8135,-62.9967,25.69,18,0,6.86,AR,1710013218
428,saacow,1.6279,42.4407,28.01,62,1,7.03,SO,1710013771
429,phongsali,21.6833,102.1058,10.95,64,6,0.21,LA,1710013771
430,haiku-pauwela,20.9219,-156.3051,22.92,81,75,8.75,US,1710013772
431,north battleford,52.7834,-108.2847,0.78,80,0,4.63,CA,1710013772
432,lebowakgomo,-24.2,29.5,21.25,66,9,2.87,ZA,1710013772
433,yayas de viajama,18.6071,-70.9275,28.92,51,36,4.81,DO,1710013773
434,lishu,43.3047,124.3278,-2.83,45,0,2.83,CN,1710013773
435,lupane,-18.9315,27.807,24.6,55,96,1.89,ZW,1710013773
436,xinzhou,38.4092,112.7333,3.74,45,7,0.77,CN,1710013774
437,urucara,-2.5364,-57.76,29.39,70,100,2.37,BR,1710013774
438,puerto santa,-8.9906,-78.6456,24.84,76,100,4.8,PE,1710013774
439,puerto real,36.5282,-6.1901,14.09,67,40,10.29,ES,1710013774
440,hotan,37.0997,79.9269,7.03,33,3,0.79,CN,1710013775
441,kavadarci,41.4331,22.0119,9.04,84,100,1.66,MK,1710013775
442,vidyayevo,69.3191,32.8049,-0.33,98,100,2.68,RU,1710013775
443,cedeira,43.6797,-8.0209,9.66,75,100,13.06,ES,1710013776
444,sao vicente,-23.9631,-46.3919,34.1,55,100,1.54,BR,1710013776
445,coari,-4.085,-63.1414,27.55,91,100,1.78,BR,1710013696
446,salaqi,40.5414,110.5108,1.56,29,92,0.2,CN,1710013777
447,mahriz,31.5917,54.4318,11.28,34,68,1.39,IR,1710013777
448,ataq,14.5377,46.8319,20.73,80,100,1.29,YE,1710013778
449,richmond,37.5538,-77.4603,14.0,95,100,8.23,US,1710013503
450,nizhniy odes,63.6445,54.856,-28.47,100,99,1.65,RU,1710013778
451,ulsteinvik,62.3432,5.8487,3.2,65,2,1.34,NO,1710013778
452,narvik,68.4384,17.4272,-3.33,81,34,3.0,NO,1710013779
453,gambiran satu,-8.3939,114.1464,23.38,96,100,2.0,ID,1710013779
454,khairpur mir's,27.5295,68.7617,20.0,18,100,2.44,PK,1710013779
455,tolanaro,-25.0319,46.9987,26.04,89,40,6.17,MG,1710013780
456,ta'if,21.2703,40.4158,17.56,15,0,2.14,SA,1710013780
457,barra de santo antonio,-9.4047,-35.5072,31.6,73,94,4.15,BR,1710013780
458,manokwari,-0.8667,134.0833,25.85,84,100,4.53,ID,1710013781
459,makungu,-8.7333,35.2833,18.0,97,54,1.05,TZ,1710013781
460,nuuk,64.1835,-51.7216,-10.66,67,20,4.12,GL,1710013782
461,solnechnyy,50.7214,136.6319,-21.65,95,68,1.64,RU,1710013782
462,berezovyy,51.6667,135.7,-17.48,94,50,1.84,RU,1710013782
463,nizhneudinsk,54.9076,99.0276,-13.32,97,67,1.57,RU,1710013783
464,alaghsas,17.0187,8.0168,30.52,10,10,6.18,NE,1710013783
465,haradok,55.4624,29.9816,-2.93,75,35,1.85,BY,1710013783
466,shingu,33.7333,135.9833,0.81,74,3,2.56,JP,1710013784
467,castro alves,-12.7656,-39.4283,29.83,54,30,4.71,BR,1710013784
468,sotnikovskoye,45.0039,43.7772,1.85,64,65,2.71,RU,1710013785
469,sittwe,20.15,92.9,20.84,42,0,5.56,MM,1710013785
470,alenquer,-1.9417,-54.7383,27.04,90,98,1.62,BR,1710013785
471,sulzbach-rosenberg,49.4983,11.7517,9.44,83,82,1.9,DE,1710013786
472,dodola,6.9833,39.1833,14.01,77,39,1.27,ET,1710013786
473,kirensk,57.7853,108.1119,-11.69,96,100,1.34,RU,1710013786
474,sao joao da barra,-21.6403,-41.0511,29.05,85,77,7.01,BR,1710013787
475,namsos,64.4662,11.4957,0.03,64,1,5.66,NO,1710013787
476,jiayuguan,39.8167,98.3,1.44,42,0,2.66,CN,1710013787
477,raton,36.9034,-104.4391,5.34,36,0,3.6,US,1710013787
478,da nang,16.0678,108.2208,23.99,78,75,0.51,VN,1710013788
479,tolbazy,54.0241,55.8825,-11.09,97,100,1.68,RU,1710013788
480,sawakin,19.1059,37.3321,23.6,57,7,2.54,SD,1710013788
481,douglas,41.3,-96.167,11.03,31,0,5.14,US,1710013789
482,sinop,41.7711,34.8709,0.14,93,59,0.75,TR,1710013789
483,buon ma thuot,12.6667,108.05,20.09,88,93,2.38,VN,1710013789
484,sao tome,0.3365,6.7273,28.3,73,100,3.04,ST,1710013790
485,machiques,10.0644,-72.545,36.25,45,29,4.71,VE,1710013790
486,ancud,-41.8697,-73.8203,14.36,69,85,3.31,CL,1710013790
487,chifeng,42.2683,118.9636,-1.26,51,16,2.53,CN,1710013791
488,pariaman,-0.619,100.12,26.03,89,100,1.55,ID,1710013791
489,papao,-17.75,-149.55,29.82,81,100,6.28,PF,1710013791
490,alice springs,-23.7,133.8833,23.75,61,8,3.09,AU,1710013649
491,saudarkrokur,65.7461,-19.6394,-1.41,77,99,4.17,IS,1710013792
492,colares,38.7992,-9.4469,12.92,87,40,14.31,PT,1710013792
493,hirara,24.8,125.2833,17.92,67,75,4.63,JP,1710013792
494,port douglas,-16.4833,145.4667,26.73,85,100,8.35,AU,1710013793
495,saint-pierre,-21.3393,55.4781,24.82,78,1,3.09,RE,1710013793
496,balsas,-7.5325,-46.0356,32.09,57,72,1.33,BR,1710013793
497,chinde,26.8418,88.0763,10.87,38,0,2.39,NP,1710013793
498,barcelos,41.5388,-8.6151,11.08,92,99,3.15,PT,1710013793
499,moratuwa,6.773,79.8816,26.01,86,100,1.45,LK,1710013794
500,ola,59.5833,151.2833,-11.03,92,100,3.87,RU,1710013794
501,abong mbang,3.9833,13.1833,23.07,82,84,1.37,CM,1710013795
502,koryazhma,61.3143,47.1691,-20.05,100,95,0.57,RU,1710013795
503,tarrafal de sao nicolau,16.5667,-24.3667,21.49,72,7,9.72,CV,1710013795
504,kencong,-8.2833,113.3667,25.03,89,100,1.85,ID,1710013796
505,pajapan,18.25,-94.7,29.64,58,9,4.67,MX,1710013796
506,vapnyarka,48.5348,28.7436,3.04,54,2,0.85,UA,1710013796
507,qui nhon,13.7667,109.2333,22.96,92,100,2.96,VN,1710013797
508,kismayo,-0.3582,42.5454,27.91,74,5,5.38,SO,1710013797
509,westport,41.1415,-73.3579,6.42,85,100,7.72,US,1710013797
510,katsuura,35.1333,140.3,4.66,53,0,6.5,JP,1710013798
511,thurso,58.5927,-3.5259,6.14,80,100,9.31,GB,1710013798
512,narasannapeta,18.4167,84.05,25.29,81,27,1.46,IN,1710013798
513,myitkyina,25.3833,97.4,14.96,41,0,0.94,MM,1710013799
514,weiser,44.251,-116.9693,4.8,61,100,2.24,US,1710013799
515,kapuskasing,49.4169,-82.4331,-6.95,86,100,7.2,CA,1710013799
516,mahibadhoo,3.7833,72.9667,27.4,76,17,3.35,MV,1710013800
517,greenland,43.0362,-70.8328,5.22,81,100,5.66,US,1710013800
518,goundam,16.4145,-3.6708,30.61,9,32,2.42,ML,1710013801
519,arteche,12.2645,125.4048,24.32,79,96,3.1,PH,1710013801
520,zhangye,38.9342,100.4517,3.08,48,100,2.95,CN,1710013801
521,guerrero negro,27.9769,-114.0611,21.9,33,100,2.97,MX,1710013802
522,kamina,-8.7386,24.9906,19.3,95,90,1.12,CD,1710013802
523,agat village,13.3886,144.6585,27.06,89,0,3.6,GU,1710013802
524,majalgaon,19.15,76.2333,26.51,23,0,2.61,IN,1710013803
525,new norfolk,-42.7826,147.0587,24.72,68,100,1.7,AU,1710013803
526,sile,41.1754,29.6133,9.2,68,88,0.89,TR,1710013804
527,fort mcmurray,56.7268,-111.381,6.77,42,0,4.63,CA,1710013388
528,santa isabel,-23.3156,-46.2214,30.61,78,47,2.84,BR,1710013805
529,el calafate,-50.3408,-72.2768,11.31,61,99,6.17,AR,1710013805
530,moengo,5.6167,-54.4,31.88,48,56,3.77,SR,1710013805
531,karak,31.1667,35.75,9.17,69,16,2.03,JO,1710013806
532,bardai,11.65,7.2333,29.32,12,78,2.36,NG,1710013806
533,pagar alam,-4.0167,103.2667,20.37,98,100,0.83,ID,1710013807
534,dayr hafir,36.1569,37.7078,9.73,79,0,4.1,SY,1710013807
535,sovetskiy,61.3614,63.5842,-23.16,100,84,1.75,RU,1710013808
536,la'ie,21.6477,-157.9253,24.66,78,100,2.68,US,1710013808
537,vila franca do campo,37.7167,-25.4333,16.23,91,39,5.1,PT,1710013808
538,kharkhorin,47.1975,102.8238,-10.61,83,90,2.96,MN,1710013809
539,alta,69.9689,23.2717,1.59,87,75,1.54,NO,1710013640
540,hammerfest,70.6634,23.6821,4.25,93,75,5.14,NO,1710013809
541,qarauyl,48.9451,79.255,0.68,72,98,6.13,KZ,1710013810
542,aleksandrovsk-sakhalinskiy,50.8975,142.1561,-12.31,94,99,2.64,RU,1710013810
543,ujae,8.9322,165.7642,26.73,80,79,11.64,MH,1710013811
544,shirochanka,46.6497,38.3978,2.82,75,15,4.33,RU,1710013811
545,suez,29.9737,32.5263,16.34,61,100,4.23,EG,1710013812
546,cill airne,52.05,-9.5167,7.03,87,100,3.6,IE,1710013812
547,plouzane,48.3833,-4.6167,8.1,87,75,3.09,FR,1710013812
548,kayenta,36.7278,-110.2546,6.76,28,0,1.41,US,1710013812
549,san antonio,29.4241,-98.4936,18.25,47,0,7.72,US,1710013296
550,bozdar wada,27.1828,68.636,22.03,19,93,2.55,PK,1710013813
551,kerben,40.2951,72.1863,4.28,59,100,1.54,KG,1710013814
552,ariquemes,-9.9133,-63.0408,31.45,64,100,0.57,BR,1710013814
553,iwaki,37.05,140.8833,1.74,77,20,3.04,JP,1710013814
554,olyokminsk,60.3736,120.4264,-15.74,93,100,2.88,RU,1710013815
555,lossiemouth,57.7214,-3.2834,5.95,81,100,6.17,GB,1710013815
556,akrehamn,59.2667,5.1833,3.56,60,0,3.09,NO,1710013816
557,ndende,-2.4008,11.3581,24.23,96,78,2.17,GA,1710013816
558,dhuusamarreeb,5.535,46.3861,25.93,66,0,7.56,SO,1710013816
559,maxixe,-23.8597,35.3472,27.9,78,40,5.36,MZ,1710013817
560,nyrob,60.733,56.7202,-16.21,97,100,2.1,RU,1710013817
561,general villegas,-35.0328,-63.0125,30.01,26,0,4.47,AR,1710013817
562,mu'minobod,38.1085,70.0285,8.35,76,100,2.61,TJ,1710013817
563,sunyani,7.3399,-2.3268,26.11,76,100,3.43,GH,1710013656
564,callao,-12.0667,-77.15,26.16,65,0,3.6,PE,1710013599
565,san paolo di civitate,41.7383,15.2602,11.4,90,36,3.91,IT,1710013818
566,nagqu,31.5,92.0,-8.32,15,83,2.36,CN,1710013819
567,perbaungan,3.5679,98.956,26.06,89,100,1.27,ID,1710013819
568,lincheng,19.9078,109.6858,21.95,89,100,5.93,CN,1710013819
569,yayva,59.3303,57.2641,-9.35,100,100,1.38,RU,1710013820
570,yangambi,0.8102,24.4336,23.47,88,89,1.36,CD,1710013820
571,buta,2.7858,24.73,28.38,46,95,0.53,CD,1710013821
572,bosaso,11.2842,49.1816,26.81,80,60,0.63,SO,1710013821
573,tezu,27.9167,96.1667,17.7,38,74,2.09,IN,1710013821
574,midvagur,62.0511,-7.1939,5.46,65,75,4.63,FO,1710013821
575,saint-joseph,-21.3667,55.6167,24.21,85,12,3.66,RE,1710013822
576,zapolyarnyy,69.4154,30.8136,0.6,97,99,2.71,RU,1710013823
577,paramonga,-10.6667,-77.8333,25.4,74,93,4.43,PE,1710013823
578,kolonia town,6.964,158.206,28.0,78,75,4.12,FM,1710013824
579,chengdu,30.6667,104.0667,10.94,87,40,0.0,CN,1710013825
580,argo,37.6333,22.7333,11.55,83,100,0.95,GR,1710013825
581,kilindoni,-7.9139,39.6668,28.9,76,31,3.83,TZ,1710013826
582,oranjestad,12.524,-70.027,30.97,70,75,9.77,AW,1710013826
583,pago pago,-14.2781,-170.7025,27.55,89,100,1.03,AS,1710013709
584,laguna,38.421,-121.4238,16.14,66,0,4.12,US,1710013827
585,kloulklubed,7.0419,134.2556,27.28,80,100,7.69,PW,1710013828
586,swanage,50.6092,-1.9626,9.38,89,100,7.15,GB,1710013828
587,umm kaddadah,13.6017,26.6876,26.78,11,6,4.93,SD,1710013828
588,holualoa,19.6228,-155.9522,24.37,77,20,4.12,US,1710013829
589,batac city,18.0554,120.5649,22.54,79,98,3.77,PH,1710013829
590,dhidhdhoo,6.8833,73.1,27.83,73,0,3.78,MV,1710013830
591,khandyga,62.6667,135.6,-29.87,100,98,0.17,RU,1710013830
592,maragogi,-9.0122,-35.2225,28.76,72,99,4.47,BR,1710013830
593,boundiali,9.5217,-6.4869,28.53,56,93,2.01,CI,1710013831
594,inari,68.906,27.0288,2.11,95,91,2.1,FI,1710013832
595,baringo,0.4667,35.9667,26.79,45,48,1.4,KE,1710013832
